-- Importación de datos reales 2026 desde 'FACTURACIÓ 2026 - 2026.pdf'
-- Generado automáticamente. Revisa el resumen que te da Claude tras ejecutar esto.

-- ===== CLIENTES =====
insert into clientes (id, user_id, nombre, tipo, notas) values ('98386239-3aaf-4794-ab8c-c9c468d567d2', '279fa0a6-7987-4c6a-84de-ede9776c4f1d', 'JUNO Media', 'empresa', NULL);
insert into clientes (id, user_id, nombre, tipo, notas) values ('0c845af2-3ff5-45f2-b31c-4e8a47ecae10', '279fa0a6-7987-4c6a-84de-ede9776c4f1d', 'Frimar', 'empresa', NULL);
insert into clientes (id, user_id, nombre, tipo, notas) values ('2fdb074e-769a-4657-91f2-e2db7ca6f76f', '279fa0a6-7987-4c6a-84de-ede9776c4f1d', 'Ocisport', 'empresa', NULL);
insert into clientes (id, user_id, nombre, tipo, notas) values ('d21bc871-6e4d-482f-af07-15a3a43f514c', '279fa0a6-7987-4c6a-84de-ede9776c4f1d', 'SOM Music', 'empresa', NULL);
insert into clientes (id, user_id, nombre, tipo, notas) values ('7d3c6c7a-f689-4b47-bfe9-27950717e4ad', '279fa0a6-7987-4c6a-84de-ede9776c4f1d', 'Sergio Moreno', 'particular', NULL);
insert into clientes (id, user_id, nombre, tipo, notas) values ('598c95da-34e5-4e2b-aad4-0aa1b879774c', '279fa0a6-7987-4c6a-84de-ede9776c4f1d', 'ImproVivencia', 'empresa', NULL);
insert into clientes (id, user_id, nombre, tipo, notas) values ('b9d93b6e-3e86-402f-ac8c-df12d5c5c657', '279fa0a6-7987-4c6a-84de-ede9776c4f1d', 'Flama', 'empresa', NULL);
insert into clientes (id, user_id, nombre, tipo, notas) values ('410a231f-5e37-460c-8396-3bf3d0381020', '279fa0a6-7987-4c6a-84de-ede9776c4f1d', 'Forecourtech', 'empresa', NULL);
insert into clientes (id, user_id, nombre, tipo, notas) values ('ea8c7e00-c376-40a1-8136-6afc1bae211f', '279fa0a6-7987-4c6a-84de-ede9776c4f1d', 'Particular / Varios (por clasificar)', 'particular', 'Cliente genérico creado en la importación inicial para proyectos de particulares o pagos en efectivo sin ficha propia todavía. Revísalos y crea fichas de cliente reales cuando tengas tiempo.');

-- ===== PROYECTOS =====
insert into proyectos (id, user_id, cliente_id, nombre, estado, fecha_inicio, fecha_entrega, precio_acordado, forma_pago, notas) values ('abef279a-5a11-48fb-992f-fa220b5f7522', '279fa0a6-7987-4c6a-84de-ede9776c4f1d', '98386239-3aaf-4794-ab8c-c9c468d567d2', 'Improvivencia (vía JUNO)', 'cobrado', '2026-01-15', '2026-01-15', 100, 'transferencia', NULL);
insert into proyectos (id, user_id, cliente_id, nombre, estado, fecha_inicio, fecha_entrega, precio_acordado, forma_pago, notas) values ('51370eaa-20aa-407b-92ec-7ab908347bd5', '279fa0a6-7987-4c6a-84de-ede9776c4f1d', '0c845af2-3ff5-45f2-b31c-4e8a47ecae10', 'Frimar', 'cobrado', '2026-01-15', '2026-01-15', 375, 'transferencia', NULL);
insert into proyectos (id, user_id, cliente_id, nombre, estado, fecha_inicio, fecha_entrega, precio_acordado, forma_pago, notas) values ('56e21f90-7ac5-40c4-82de-963f74c41bad', '279fa0a6-7987-4c6a-84de-ede9776c4f1d', '2fdb074e-769a-4657-91f2-e2db7ca6f76f', 'Ocisport 50%', 'cobrado', '2026-02-15', '2026-02-15', 450, 'transferencia', NULL);
insert into proyectos (id, user_id, cliente_id, nombre, estado, fecha_inicio, fecha_entrega, precio_acordado, forma_pago, notas) values ('59137a6e-8abf-4499-bb83-0201528bdd0b', '279fa0a6-7987-4c6a-84de-ede9776c4f1d', '98386239-3aaf-4794-ab8c-c9c468d567d2', 'Flama Video IA (vía JUNO)', 'cobrado', '2026-02-15', '2026-02-15', 250, 'transferencia', NULL);
insert into proyectos (id, user_id, cliente_id, nombre, estado, fecha_inicio, fecha_entrega, precio_acordado, forma_pago, notas) values ('0cb84167-d546-4768-a79e-d278818412f0', '279fa0a6-7987-4c6a-84de-ede9776c4f1d', '98386239-3aaf-4794-ab8c-c9c468d567d2', 'Subtítulos Forecourttech (vía JUNO)', 'cobrado', '2026-02-15', '2026-02-15', 70, 'transferencia', NULL);
insert into proyectos (id, user_id, cliente_id, nombre, estado, fecha_inicio, fecha_entrega, precio_acordado, forma_pago, notas) values ('fe20472d-a215-4fe8-9660-3ea4c32535ca', '279fa0a6-7987-4c6a-84de-ede9776c4f1d', '98386239-3aaf-4794-ab8c-c9c468d567d2', 'Reels Albir Confort (pago efectivo, vía JUNO)', 'cobrado', '2026-02-15', '2026-02-15', 350, 'efectivo', NULL);
insert into proyectos (id, user_id, cliente_id, nombre, estado, fecha_inicio, fecha_entrega, precio_acordado, forma_pago, notas) values ('38c67777-1103-4923-9b44-606f9609953c', '279fa0a6-7987-4c6a-84de-ede9776c4f1d', 'ea8c7e00-c376-40a1-8136-6afc1bae211f', 'Videoclip LOVVA (pago efectivo)', 'cobrado', '2026-02-15', '2026-02-15', 250, 'efectivo', NULL);
insert into proyectos (id, user_id, cliente_id, nombre, estado, fecha_inicio, fecha_entrega, precio_acordado, forma_pago, notas) values ('a62426f2-efaf-44da-9343-5da36db98961', '279fa0a6-7987-4c6a-84de-ede9776c4f1d', '98386239-3aaf-4794-ab8c-c9c468d567d2', 'Avaticas 50% 1/2 (vía JUNO)', 'cobrado', '2026-03-15', '2026-03-15', 250, 'transferencia', NULL);
insert into proyectos (id, user_id, cliente_id, nombre, estado, fecha_inicio, fecha_entrega, precio_acordado, forma_pago, notas) values ('0acf52dc-0ebb-4c7f-9b00-42b7adf1fee7', '279fa0a6-7987-4c6a-84de-ede9776c4f1d', '98386239-3aaf-4794-ab8c-c9c468d567d2', 'Corto Dani Català (pago efectivo, vía JUNO)', 'cobrado', '2026-03-15', '2026-03-15', 100, 'efectivo', NULL);
insert into proyectos (id, user_id, cliente_id, nombre, estado, fecha_inicio, fecha_entrega, precio_acordado, forma_pago, notas) values ('cdcd61fc-de92-4030-9fb6-6747d952fb57', '279fa0a6-7987-4c6a-84de-ede9776c4f1d', 'ea8c7e00-c376-40a1-8136-6afc1bae211f', 'Boda Claudia y Alfonso 50% (1/2)', 'cobrado', '2026-03-15', '2026-03-15', 775, 'transferencia', NULL);
insert into proyectos (id, user_id, cliente_id, nombre, estado, fecha_inicio, fecha_entrega, precio_acordado, forma_pago, notas) values ('d46c85fb-5fe3-4898-a468-4ee3bc4f4095', '279fa0a6-7987-4c6a-84de-ede9776c4f1d', 'ea8c7e00-c376-40a1-8136-6afc1bae211f', 'Reserva "Otra Movida" (La Roda, agosto) 50% (1/2)', 'cobrado', '2026-03-15', '2026-03-15', 297.5, 'transferencia', NULL);
insert into proyectos (id, user_id, cliente_id, nombre, estado, fecha_inicio, fecha_entrega, precio_acordado, forma_pago, notas) values ('cb46e463-76b8-48f8-8026-facde91afbe7', '279fa0a6-7987-4c6a-84de-ede9776c4f1d', 'ea8c7e00-c376-40a1-8136-6afc1bae211f', 'Reserva "Madison" (Villalgordo, agosto) 50% (1/2)', 'cobrado', '2026-03-15', '2026-03-15', 400, 'transferencia', NULL);
insert into proyectos (id, user_id, cliente_id, nombre, estado, fecha_inicio, fecha_entrega, precio_acordado, forma_pago, notas) values ('ce750573-5ccd-4a9d-b768-ec03eb072a39', '279fa0a6-7987-4c6a-84de-ede9776c4f1d', 'ea8c7e00-c376-40a1-8136-6afc1bae211f', 'Boda Lucero y Yeisson (efectivo) 50% (1/2)', 'cobrado', '2026-03-15', '2026-03-15', 680, 'efectivo', NULL);
insert into proyectos (id, user_id, cliente_id, nombre, estado, fecha_inicio, fecha_entrega, precio_acordado, forma_pago, notas) values ('3e98d271-9fd8-45d4-9f5f-ee619e56bb74', '279fa0a6-7987-4c6a-84de-ede9776c4f1d', '98386239-3aaf-4794-ab8c-c9c468d567d2', 'Deuda JUNO 50% (1/2)', 'cobrado', '2026-03-15', '2026-03-15', 504.34, 'transferencia', NULL);
insert into proyectos (id, user_id, cliente_id, nombre, estado, fecha_inicio, fecha_entrega, precio_acordado, forma_pago, notas) values ('47f63975-22b0-4393-a68e-44fe361b8e29', '279fa0a6-7987-4c6a-84de-ede9776c4f1d', '98386239-3aaf-4794-ab8c-c9c468d567d2', 'Avaticas 50% (2/2, vía JUNO)', 'cobrado', '2026-04-15', '2026-04-15', 250, 'transferencia', NULL);
insert into proyectos (id, user_id, cliente_id, nombre, estado, fecha_inicio, fecha_entrega, precio_acordado, forma_pago, notas) values ('1457ac07-b0d4-4ab9-ae21-693e43a093e8', '279fa0a6-7987-4c6a-84de-ede9776c4f1d', 'd21bc871-6e4d-482f-af07-15a3a43f514c', 'Reels Albir Confort — Factura SOM', 'cobrado', '2026-04-15', '2026-04-15', 400, 'transferencia', NULL);
insert into proyectos (id, user_id, cliente_id, nombre, estado, fecha_inicio, fecha_entrega, precio_acordado, forma_pago, notas) values ('6d7210ee-b244-47f6-a061-b904efc002c4', '279fa0a6-7987-4c6a-84de-ede9776c4f1d', 'ea8c7e00-c376-40a1-8136-6afc1bae211f', 'Wizads Disney', 'cobrado', '2026-04-15', '2026-04-15', 120, 'transferencia', NULL);
insert into proyectos (id, user_id, cliente_id, nombre, estado, fecha_inicio, fecha_entrega, precio_acordado, forma_pago, notas) values ('f8e6706d-cbc1-4171-9e2b-0c29b18b1216', '279fa0a6-7987-4c6a-84de-ede9776c4f1d', 'd21bc871-6e4d-482f-af07-15a3a43f514c', 'Albir Confort — Grabación Villa (Factura SOM)', 'cobrado', '2026-04-15', '2026-04-15', 320, 'transferencia', NULL);
insert into proyectos (id, user_id, cliente_id, nombre, estado, fecha_inicio, fecha_entrega, precio_acordado, forma_pago, notas) values ('f81db010-6ee2-416d-853f-790c7a8c5fe3', '279fa0a6-7987-4c6a-84de-ede9776c4f1d', '98386239-3aaf-4794-ab8c-c9c468d567d2', 'El Xato Jardines (vía JUNO)', 'cobrado', '2026-04-15', '2026-04-15', 550, 'transferencia', NULL);
insert into proyectos (id, user_id, cliente_id, nombre, estado, fecha_inicio, fecha_entrega, precio_acordado, forma_pago, notas) values ('9d73815e-4176-42f9-97e0-bed862d7f74d', '279fa0a6-7987-4c6a-84de-ede9776c4f1d', '98386239-3aaf-4794-ab8c-c9c468d567d2', 'Deuda JUNO 50% (2/3)', 'cobrado', '2026-04-15', '2026-04-15', 252.17, 'transferencia', NULL);
insert into proyectos (id, user_id, cliente_id, nombre, estado, fecha_inicio, fecha_entrega, precio_acordado, forma_pago, notas) values ('55f1b154-906f-4489-893f-ee5541c50614', '279fa0a6-7987-4c6a-84de-ede9776c4f1d', 'ea8c7e00-c376-40a1-8136-6afc1bae211f', 'Eventos Albir Grill (efectivo)', 'cobrado', '2026-05-15', '2026-05-15', 330, 'efectivo', NULL);
insert into proyectos (id, user_id, cliente_id, nombre, estado, fecha_inicio, fecha_entrega, precio_acordado, forma_pago, notas) values ('36606d39-2d9b-4a11-bacd-4bd975221951', '279fa0a6-7987-4c6a-84de-ede9776c4f1d', 'd21bc871-6e4d-482f-af07-15a3a43f514c', 'Albir Confort — Grabación Villa — Factura SOM', 'cobrado', '2026-05-15', '2026-05-15', 570, 'transferencia', NULL);
insert into proyectos (id, user_id, cliente_id, nombre, estado, fecha_inicio, fecha_entrega, precio_acordado, forma_pago, notas) values ('30644229-0887-4496-a90f-601e232d60a1', '279fa0a6-7987-4c6a-84de-ede9776c4f1d', '98386239-3aaf-4794-ab8c-c9c468d567d2', 'Proyecto Lavandería (vía JUNO)', 'cobrado', '2026-05-12', '2026-05-12', 273.33, 'transferencia', NULL);
insert into proyectos (id, user_id, cliente_id, nombre, estado, fecha_inicio, fecha_entrega, precio_acordado, forma_pago, notas) values ('2b309712-1f53-4a60-9d03-cb05eaed721c', '279fa0a6-7987-4c6a-84de-ede9776c4f1d', 'ea8c7e00-c376-40a1-8136-6afc1bae211f', 'VideoResumen Colegio 50%', 'cobrado', '2026-05-15', '2026-05-15', 520, 'transferencia', NULL);
insert into proyectos (id, user_id, cliente_id, nombre, estado, fecha_inicio, fecha_entrega, precio_acordado, forma_pago, notas) values ('8b6ff153-1b71-45b4-8215-620b9f2d4a0e', '279fa0a6-7987-4c6a-84de-ede9776c4f1d', '598c95da-34e5-4e2b-aad4-0aa1b879774c', 'Improvivencia', 'cobrado', '2026-05-24', '2026-05-24', 200, 'transferencia', NULL);
insert into proyectos (id, user_id, cliente_id, nombre, estado, fecha_inicio, fecha_entrega, precio_acordado, forma_pago, notas) values ('eee11611-fed7-452f-bc92-271bd0994db3', '279fa0a6-7987-4c6a-84de-ede9776c4f1d', 'ea8c7e00-c376-40a1-8136-6afc1bae211f', 'Adrian Muñoz (efectivo)', 'cobrado', '2026-05-15', '2026-05-15', 150, 'efectivo', NULL);
insert into proyectos (id, user_id, cliente_id, nombre, estado, fecha_inicio, fecha_entrega, precio_acordado, forma_pago, notas) values ('cc796d89-e8c1-4e2f-a638-9a8882dda02d', '279fa0a6-7987-4c6a-84de-ede9776c4f1d', '98386239-3aaf-4794-ab8c-c9c468d567d2', 'Deuda JUNO 50% (2/3)', 'cobrado', '2026-05-15', '2026-05-15', 252.17, 'transferencia', NULL);
insert into proyectos (id, user_id, cliente_id, nombre, estado, fecha_inicio, fecha_entrega, precio_acordado, forma_pago, notas) values ('c9873acb-8345-4c5f-bba8-40d055b3d5ef', '279fa0a6-7987-4c6a-84de-ede9776c4f1d', 'b9d93b6e-3e86-402f-ac8c-df12d5c5c657', 'Flama Benissa', 'cobrado', '2026-06-15', '2026-06-15', 370, 'transferencia', NULL);
insert into proyectos (id, user_id, cliente_id, nombre, estado, fecha_inicio, fecha_entrega, precio_acordado, forma_pago, notas) values ('a6677136-b63c-4f5f-8ede-f8bac268505d', '279fa0a6-7987-4c6a-84de-ede9776c4f1d', 'ea8c7e00-c376-40a1-8136-6afc1bae211f', 'Reserva "La Vibra" — grabación 14 de agosto 50%', 'cobrado', '2026-06-15', '2026-06-15', 325, 'transferencia', NULL);
insert into proyectos (id, user_id, cliente_id, nombre, estado, fecha_inicio, fecha_entrega, precio_acordado, forma_pago, notas) values ('0b709a5d-5a39-424c-8396-5f8878f58392', '279fa0a6-7987-4c6a-84de-ede9776c4f1d', '98386239-3aaf-4794-ab8c-c9c468d567d2', 'Proyecto Lavandería (vía JUNO)', 'cobrado', '2026-06-15', '2026-06-15', 273.33, 'transferencia', NULL);
insert into proyectos (id, user_id, cliente_id, nombre, estado, fecha_inicio, fecha_entrega, precio_acordado, forma_pago, notas) values ('b193e628-3806-4541-9c5e-1f967d8a029e', '279fa0a6-7987-4c6a-84de-ede9776c4f1d', 'ea8c7e00-c376-40a1-8136-6afc1bae211f', 'Adrian Muñoz (efectivo)', 'cobrado', '2026-06-15', '2026-06-15', 375, 'efectivo', NULL);
insert into proyectos (id, user_id, cliente_id, nombre, estado, fecha_inicio, fecha_entrega, precio_acordado, forma_pago, notas) values ('b6cf914d-f14c-4a4a-a645-253cfec48137', '279fa0a6-7987-4c6a-84de-ede9776c4f1d', 'ea8c7e00-c376-40a1-8136-6afc1bae211f', 'Grabación Entrevistas Meliá', 'cobrado', '2026-06-15', '2026-06-15', 320, 'transferencia', NULL);
insert into proyectos (id, user_id, cliente_id, nombre, estado, fecha_inicio, fecha_entrega, precio_acordado, forma_pago, notas) values ('c4403024-6e72-4ca6-af56-f2dfb0273c80', '279fa0a6-7987-4c6a-84de-ede9776c4f1d', 'ea8c7e00-c376-40a1-8136-6afc1bae211f', 'Evento LON Langui', 'cobrado', '2026-06-01', '2026-06-01', 380, 'transferencia', NULL);
insert into proyectos (id, user_id, cliente_id, nombre, estado, fecha_inicio, fecha_entrega, precio_acordado, forma_pago, notas) values ('68c7e4c9-563f-4ad4-808d-a707711755f1', '279fa0a6-7987-4c6a-84de-ede9776c4f1d', 'ea8c7e00-c376-40a1-8136-6afc1bae211f', 'Edit Lara — Albir Confort', 'cobrado', '2026-06-15', '2026-06-15', 190, 'transferencia', NULL);
insert into proyectos (id, user_id, cliente_id, nombre, estado, fecha_inicio, fecha_entrega, precio_acordado, forma_pago, notas) values ('7bd850e8-65c3-474f-aea8-d7367fffbaca', '279fa0a6-7987-4c6a-84de-ede9776c4f1d', 'ea8c7e00-c376-40a1-8136-6afc1bae211f', 'Corto Ale Palacios (efectivo)', 'cobrado', '2026-06-15', '2026-06-15', 100, 'efectivo', NULL);
insert into proyectos (id, user_id, cliente_id, nombre, estado, fecha_inicio, fecha_entrega, precio_acordado, forma_pago, notas) values ('48174e6a-e249-48c6-aba6-8f15b6e0c3a7', '279fa0a6-7987-4c6a-84de-ede9776c4f1d', '98386239-3aaf-4794-ab8c-c9c468d567d2', 'Proyecto Lavandería (vía JUNO) — pendiente de confirmar', 'presupuestado', '2026-07-15', '2026-07-15', 273.33, 'transferencia', 'Marcado con "?" en el documento original: pendiente de confirmar si se facturó.');
insert into proyectos (id, user_id, cliente_id, nombre, estado, fecha_inicio, fecha_entrega, precio_acordado, forma_pago, notas) values ('a9b81239-06bc-46e9-92d9-4e8491f608cf', '279fa0a6-7987-4c6a-84de-ede9776c4f1d', '7d3c6c7a-f689-4b47-bfe9-27950717e4ad', 'Fashion Film (cliente: Sergio Moreno)', 'cobrado', '2026-07-15', '2026-07-15', 380, 'transferencia', NULL);
insert into proyectos (id, user_id, cliente_id, nombre, estado, fecha_inicio, fecha_entrega, precio_acordado, forma_pago, notas) values ('1ec426d4-f97f-4f9f-a646-45d650abb221', '279fa0a6-7987-4c6a-84de-ede9776c4f1d', '98386239-3aaf-4794-ab8c-c9c468d567d2', 'Trailer Forecourtech (vía JUNO)', 'cobrado', '2026-07-15', '2026-07-15', 280, 'transferencia', NULL);
insert into proyectos (id, user_id, cliente_id, nombre, estado, fecha_inicio, fecha_entrega, precio_acordado, forma_pago, notas) values ('232c2a6d-2acc-4d84-aea6-5f3a5526df90', '279fa0a6-7987-4c6a-84de-ede9776c4f1d', '98386239-3aaf-4794-ab8c-c9c468d567d2', 'Tamila i Fluxà (vía JUNO)', 'cobrado', '2026-07-15', '2026-07-15', 680, 'transferencia', NULL);
insert into proyectos (id, user_id, cliente_id, nombre, estado, fecha_inicio, fecha_entrega, precio_acordado, forma_pago, notas) values ('ef60bff6-5867-484b-b421-678e6413a15b', '279fa0a6-7987-4c6a-84de-ede9776c4f1d', 'ea8c7e00-c376-40a1-8136-6afc1bae211f', 'Edit DJ Noe + fotos (efectivo)', 'cobrado', '2026-07-15', '2026-07-15', 160, 'efectivo', NULL);
insert into proyectos (id, user_id, cliente_id, nombre, estado, fecha_inicio, fecha_entrega, precio_acordado, forma_pago, notas) values ('5f82470a-b8ca-4f45-a24e-f9e073bd9537', '279fa0a6-7987-4c6a-84de-ede9776c4f1d', 'ea8c7e00-c376-40a1-8136-6afc1bae211f', 'Grabación Dreamore', 'presupuestado', '2026-07-15', '2026-07-15', 320, 'transferencia', 'Sin desglose de IVA en el documento original.');
insert into proyectos (id, user_id, cliente_id, nombre, estado, fecha_inicio, fecha_entrega, precio_acordado, forma_pago, notas) values ('9152ce08-3d58-4c33-af75-f6d14557a948', '279fa0a6-7987-4c6a-84de-ede9776c4f1d', 'ea8c7e00-c376-40a1-8136-6afc1bae211f', 'Reserva "Otra Movida" (La Roda) 50% (2/2, vía JUNO)', 'presupuestado', '2026-08-14', '2026-08-14', 297.5, 'transferencia', NULL);
insert into proyectos (id, user_id, cliente_id, nombre, estado, fecha_inicio, fecha_entrega, precio_acordado, forma_pago, notas) values ('6e33a315-e101-4236-8046-e7f3f05fdc3a', '279fa0a6-7987-4c6a-84de-ede9776c4f1d', 'ea8c7e00-c376-40a1-8136-6afc1bae211f', 'Reserva "Madison" (Villalgordo) 50% (2/2, vía JUNO)', 'presupuestado', '2026-08-15', '2026-08-15', 400, 'transferencia', NULL);
insert into proyectos (id, user_id, cliente_id, nombre, estado, fecha_inicio, fecha_entrega, precio_acordado, forma_pago, notas) values ('f2f5b537-4092-4e27-999a-f8f5f9fdd5b4', '279fa0a6-7987-4c6a-84de-ede9776c4f1d', 'ea8c7e00-c376-40a1-8136-6afc1bae211f', 'Orquesta — Reserva La Vibra (2/2, vía JUNO)', 'presupuestado', '2026-08-14', '2026-08-14', 325, 'transferencia', NULL);
insert into proyectos (id, user_id, cliente_id, nombre, estado, fecha_inicio, fecha_entrega, precio_acordado, forma_pago, notas) values ('118d608a-ee1c-4bca-86a3-2de2534b24a4', '279fa0a6-7987-4c6a-84de-ede9776c4f1d', 'ea8c7e00-c376-40a1-8136-6afc1bae211f', 'Orquesta Calpe "Mónaco Party" (cliente: Luis)', 'presupuestado', '2026-08-15', '2026-08-15', 250, 'transferencia', NULL);
insert into proyectos (id, user_id, cliente_id, nombre, estado, fecha_inicio, fecha_entrega, precio_acordado, forma_pago, notas) values ('885b89d3-2f00-4449-a594-db2b2ab026c4', '279fa0a6-7987-4c6a-84de-ede9776c4f1d', 'ea8c7e00-c376-40a1-8136-6afc1bae211f', 'Media jornada boda', 'presupuestado', '2026-09-15', '2026-09-15', 250, 'transferencia', NULL);
insert into proyectos (id, user_id, cliente_id, nombre, estado, fecha_inicio, fecha_entrega, precio_acordado, forma_pago, notas) values ('ae485739-6ba4-4fa1-af8b-10a49df2c0de', '279fa0a6-7987-4c6a-84de-ede9776c4f1d', 'ea8c7e00-c376-40a1-8136-6afc1bae211f', 'Podcast (2 episodios)', 'presupuestado', '2026-09-15', '2026-09-15', 960, 'transferencia', NULL);
insert into proyectos (id, user_id, cliente_id, nombre, estado, fecha_inicio, fecha_entrega, precio_acordado, forma_pago, notas) values ('8b7dbcd2-2652-4478-af4e-02c1489f2c16', '279fa0a6-7987-4c6a-84de-ede9776c4f1d', 'ea8c7e00-c376-40a1-8136-6afc1bae211f', 'Evento Villaitana — pendiente de confirmar', 'presupuestado', '2026-09-15', '2026-09-15', 380, 'transferencia', 'Marcado con "?" en el documento original.');
insert into proyectos (id, user_id, cliente_id, nombre, estado, fecha_inicio, fecha_entrega, precio_acordado, forma_pago, notas) values ('2f7a7785-e946-4c59-acac-a5a9d6498d07', '279fa0a6-7987-4c6a-84de-ede9776c4f1d', '98386239-3aaf-4794-ab8c-c9c468d567d2', 'Posible proyecto Asia Gardens (vía JUNO)', 'presupuestado', '2026-10-15', '2026-10-15', 1800, 'transferencia', 'Marcado como "posible" en el documento original: todavía no confirmado.');
insert into proyectos (id, user_id, cliente_id, nombre, estado, fecha_inicio, fecha_entrega, precio_acordado, forma_pago, notas) values ('57ced875-580f-4209-929a-ee53a442524f', '279fa0a6-7987-4c6a-84de-ede9776c4f1d', '410a231f-5e37-460c-8396-3bf3d0381020', 'Forecourttech', 'presupuestado', '2026-10-15', '2026-10-15', 1470, 'transferencia', NULL);
insert into proyectos (id, user_id, cliente_id, nombre, estado, fecha_inicio, fecha_entrega, precio_acordado, forma_pago, notas) values ('cb9da06d-e232-43dc-8405-b4e8e6c5d9c4', '279fa0a6-7987-4c6a-84de-ede9776c4f1d', 'ea8c7e00-c376-40a1-8136-6afc1bae211f', 'Boda Claudia y Alfonso 50% (2/2)', 'presupuestado', '2026-12-15', '2026-12-15', 775, 'transferencia', NULL);

-- ===== FACTURAS =====
-- Nota: TODAS se importan con estado 'borrador' porque el PDF original no permite
-- distinguir de forma fiable qué casillas EMITIDA/PAGADA estaban marcadas.
-- Repásalas y márcalas en la vista "Facturación mensual" de la app.
insert into facturas (id, user_id, cliente_id, numero, tipo, fecha, lineas, base_imponible, iva_pct, iva_importe, retencion_pct, retencion_importe, total, estado) values ('65a2c81f-efc5-456f-a63d-5c88fb02e928', '279fa0a6-7987-4c6a-84de-ede9776c4f1d', 'd21bc871-6e4d-482f-af07-15a3a43f514c', '15-2026', 'factura', '2026-05-15', '[{"concepto":"Albir Confort — Grabación Villa — Factura SOM","cantidad":1,"precio":570,"proyecto_id":"36606d39-2d9b-4a11-bacd-4bd975221951"}]', 570, 21, 119.7, 0, 0, 689.7, 'borrador');
insert into facturas (id, user_id, cliente_id, numero, tipo, fecha, lineas, base_imponible, iva_pct, iva_importe, retencion_pct, retencion_importe, total, estado) values ('3dffe742-8a15-4031-a03a-697fdfe7f6d7', '279fa0a6-7987-4c6a-84de-ede9776c4f1d', '98386239-3aaf-4794-ab8c-c9c468d567d2', '12-2026', 'factura', '2026-05-12', '[{"concepto":"Proyecto Lavandería (vía JUNO)","cantidad":1,"precio":273.33,"proyecto_id":"30644229-0887-4496-a90f-601e232d60a1"},{"concepto":"Deuda JUNO 50% (2/3)","cantidad":1,"precio":252.17,"proyecto_id":"cc796d89-e8c1-4e2f-a638-9a8882dda02d"}]', 525.5, 21, 110.36, 0, 0, 635.86, 'borrador');
insert into facturas (id, user_id, cliente_id, numero, tipo, fecha, lineas, base_imponible, iva_pct, iva_importe, retencion_pct, retencion_importe, total, estado) values ('2f86f8ab-77a1-417f-ab35-cb04f91c4e02', '279fa0a6-7987-4c6a-84de-ede9776c4f1d', 'ea8c7e00-c376-40a1-8136-6afc1bae211f', '12-2026', 'factura', '2026-05-15', '[{"concepto":"VideoResumen Colegio 50%","cantidad":1,"precio":520,"proyecto_id":"2b309712-1f53-4a60-9d03-cb05eaed721c"}]', 520, 21, 109.2, 0, 0, 629.2, 'borrador');
insert into facturas (id, user_id, cliente_id, numero, tipo, fecha, lineas, base_imponible, iva_pct, iva_importe, retencion_pct, retencion_importe, total, estado) values ('19c44bdd-146d-4725-ab3b-816dc8a18de4', '279fa0a6-7987-4c6a-84de-ede9776c4f1d', '598c95da-34e5-4e2b-aad4-0aa1b879774c', '11-2026', 'factura', '2026-05-24', '[{"concepto":"Improvivencia","cantidad":1,"precio":200,"proyecto_id":"8b6ff153-1b71-45b4-8215-620b9f2d4a0e"}]', 200, 21, 42, 0, 0, 242, 'borrador');
insert into facturas (id, user_id, cliente_id, numero, tipo, fecha, lineas, base_imponible, iva_pct, iva_importe, retencion_pct, retencion_importe, total, estado) values ('df17514b-138b-451b-88dd-8fecba97015e', '279fa0a6-7987-4c6a-84de-ede9776c4f1d', 'b9d93b6e-3e86-402f-ac8c-df12d5c5c657', '13-2026', 'factura', '2026-06-15', '[{"concepto":"Flama Benissa","cantidad":1,"precio":370,"proyecto_id":"c9873acb-8345-4c5f-bba8-40d055b3d5ef"}]', 370, 21, 77.7, 0, 0, 447.7, 'borrador');
insert into facturas (id, user_id, cliente_id, numero, tipo, fecha, lineas, base_imponible, iva_pct, iva_importe, retencion_pct, retencion_importe, total, estado) values ('bdea85bf-86a4-47a8-a63f-cd8509f5c6c8', '279fa0a6-7987-4c6a-84de-ede9776c4f1d', 'ea8c7e00-c376-40a1-8136-6afc1bae211f', '14-2026', 'factura', '2026-06-15', '[{"concepto":"Reserva \"La Vibra\" — grabación 14 de agosto 50%","cantidad":1,"precio":325,"proyecto_id":"a6677136-b63c-4f5f-8ede-f8bac268505d"}]', 325, 21, 68.25, 0, 0, 393.25, 'borrador');
insert into facturas (id, user_id, cliente_id, numero, tipo, fecha, lineas, base_imponible, iva_pct, iva_importe, retencion_pct, retencion_importe, total, estado) values ('6d6caade-6b67-4954-b039-63d498b4915b', '279fa0a6-7987-4c6a-84de-ede9776c4f1d', '98386239-3aaf-4794-ab8c-c9c468d567d2', '14-2026', 'factura', '2026-06-15', '[{"concepto":"Proyecto Lavandería (vía JUNO)","cantidad":1,"precio":273.33,"proyecto_id":"0b709a5d-5a39-424c-8396-5f8878f58392"}]', 273.33, 21, 57.4, 0, 0, 330.73, 'borrador');
insert into facturas (id, user_id, cliente_id, numero, tipo, fecha, lineas, base_imponible, iva_pct, iva_importe, retencion_pct, retencion_importe, total, estado) values ('17dfec90-d693-448f-aa74-b45ffedd6f6b', '279fa0a6-7987-4c6a-84de-ede9776c4f1d', 'ea8c7e00-c376-40a1-8136-6afc1bae211f', '16-2026', 'factura', '2026-06-15', '[{"concepto":"Grabación Entrevistas Meliá","cantidad":1,"precio":320,"proyecto_id":"b6cf914d-f14c-4a4a-a645-253cfec48137"}]', 320, 21, 67.2, 0, 0, 387.2, 'borrador');
insert into facturas (id, user_id, cliente_id, numero, tipo, fecha, lineas, base_imponible, iva_pct, iva_importe, retencion_pct, retencion_importe, total, estado) values ('05473621-fa56-4306-9f45-a56b9c6285c9', '279fa0a6-7987-4c6a-84de-ede9776c4f1d', 'ea8c7e00-c376-40a1-8136-6afc1bae211f', '17-2026', 'factura', '2026-06-01', '[{"concepto":"Evento LON Langui","cantidad":1,"precio":380,"proyecto_id":"c4403024-6e72-4ca6-af56-f2dfb0273c80"}]', 380, 21, 79.8, 0, 0, 459.8, 'borrador');
insert into facturas (id, user_id, cliente_id, numero, tipo, fecha, lineas, base_imponible, iva_pct, iva_importe, retencion_pct, retencion_importe, total, estado) values ('25514abf-6346-4269-8cca-74d6029f4c47', '279fa0a6-7987-4c6a-84de-ede9776c4f1d', 'ea8c7e00-c376-40a1-8136-6afc1bae211f', '18-2026', 'factura', '2026-06-15', '[{"concepto":"Edit Lara — Albir Confort","cantidad":1,"precio":190,"proyecto_id":"68c7e4c9-563f-4ad4-808d-a707711755f1"}]', 190, 21, 39.9, 0, 0, 229.9, 'borrador');
insert into facturas (id, user_id, cliente_id, numero, tipo, fecha, lineas, base_imponible, iva_pct, iva_importe, retencion_pct, retencion_importe, total, estado) values ('8c25933b-7ae0-4e5d-b780-3d9456a71e9d', '279fa0a6-7987-4c6a-84de-ede9776c4f1d', '7d3c6c7a-f689-4b47-bfe9-27950717e4ad', '16-2026', 'factura', '2026-07-15', '[{"concepto":"Fashion Film (cliente: Sergio Moreno)","cantidad":1,"precio":380,"proyecto_id":"a9b81239-06bc-46e9-92d9-4e8491f608cf"}]', 380, 21, 79.8, 0, 0, 459.8, 'borrador');

-- ===== FACTURA_PROYECTOS (reparto de cada factura entre sus proyectos) =====
insert into factura_proyectos (factura_id, proyecto_id, importe) values ('65a2c81f-efc5-456f-a63d-5c88fb02e928', '36606d39-2d9b-4a11-bacd-4bd975221951', 570);
insert into factura_proyectos (factura_id, proyecto_id, importe) values ('3dffe742-8a15-4031-a03a-697fdfe7f6d7', '30644229-0887-4496-a90f-601e232d60a1', 273.33);
insert into factura_proyectos (factura_id, proyecto_id, importe) values ('3dffe742-8a15-4031-a03a-697fdfe7f6d7', 'cc796d89-e8c1-4e2f-a638-9a8882dda02d', 252.17);
insert into factura_proyectos (factura_id, proyecto_id, importe) values ('2f86f8ab-77a1-417f-ab35-cb04f91c4e02', '2b309712-1f53-4a60-9d03-cb05eaed721c', 520);
insert into factura_proyectos (factura_id, proyecto_id, importe) values ('19c44bdd-146d-4725-ab3b-816dc8a18de4', '8b6ff153-1b71-45b4-8215-620b9f2d4a0e', 200);
insert into factura_proyectos (factura_id, proyecto_id, importe) values ('df17514b-138b-451b-88dd-8fecba97015e', 'c9873acb-8345-4c5f-bba8-40d055b3d5ef', 370);
insert into factura_proyectos (factura_id, proyecto_id, importe) values ('bdea85bf-86a4-47a8-a63f-cd8509f5c6c8', 'a6677136-b63c-4f5f-8ede-f8bac268505d', 325);
insert into factura_proyectos (factura_id, proyecto_id, importe) values ('6d6caade-6b67-4954-b039-63d498b4915b', '0b709a5d-5a39-424c-8396-5f8878f58392', 273.33);
insert into factura_proyectos (factura_id, proyecto_id, importe) values ('17dfec90-d693-448f-aa74-b45ffedd6f6b', 'b6cf914d-f14c-4a4a-a645-253cfec48137', 320);
insert into factura_proyectos (factura_id, proyecto_id, importe) values ('05473621-fa56-4306-9f45-a56b9c6285c9', 'c4403024-6e72-4ca6-af56-f2dfb0273c80', 380);
insert into factura_proyectos (factura_id, proyecto_id, importe) values ('25514abf-6346-4269-8cca-74d6029f4c47', '68c7e4c9-563f-4ad4-808d-a707711755f1', 190);
insert into factura_proyectos (factura_id, proyecto_id, importe) values ('8c25933b-7ae0-4e5d-b780-3d9456a71e9d', 'a9b81239-06bc-46e9-92d9-4e8491f608cf', 380);

-- ===== GASTOS FIJOS MENSUALES =====
insert into gastos (id, user_id, concepto, importe, tipo, fecha, recurrente, categoria, iva_deducible_pct) values ('e9dece80-b252-4b2f-b006-7a34334dda9a', '279fa0a6-7987-4c6a-84de-ede9776c4f1d', 'Gastos fijos enero 2026', 148, 'fijo', '2026-01-01', true, 'fijo', 100);
insert into gastos (id, user_id, concepto, importe, tipo, fecha, recurrente, categoria, iva_deducible_pct) values ('24a685a3-c887-4b74-9f04-cf4558f89484', '279fa0a6-7987-4c6a-84de-ede9776c4f1d', 'Gastos fijos febrero 2026', 158, 'fijo', '2026-02-01', true, 'fijo', 100);
insert into gastos (id, user_id, concepto, importe, tipo, fecha, recurrente, categoria, iva_deducible_pct) values ('7987cfef-3a5c-41a3-8c90-ee9f215d62ee', '279fa0a6-7987-4c6a-84de-ede9776c4f1d', 'Gastos fijos marzo 2026', 148, 'fijo', '2026-03-01', true, 'fijo', 100);
insert into gastos (id, user_id, concepto, importe, tipo, fecha, recurrente, categoria, iva_deducible_pct) values ('825e0857-8549-4728-933f-21b4c822f6e3', '279fa0a6-7987-4c6a-84de-ede9776c4f1d', 'Gastos fijos abril 2026', 148, 'fijo', '2026-04-01', true, 'fijo', 100);
insert into gastos (id, user_id, concepto, importe, tipo, fecha, recurrente, categoria, iva_deducible_pct) values ('e0338ee5-07ac-4592-b27d-39c076980ccb', '279fa0a6-7987-4c6a-84de-ede9776c4f1d', 'Gastos fijos mayo 2026', 148, 'fijo', '2026-05-01', true, 'fijo', 100);
insert into gastos (id, user_id, concepto, importe, tipo, fecha, recurrente, categoria, iva_deducible_pct) values ('96f2ea4f-d4b2-4b58-b098-f059e2bf72df', '279fa0a6-7987-4c6a-84de-ede9776c4f1d', 'Gastos fijos junio 2026', 148, 'fijo', '2026-06-01', true, 'fijo', 100);
insert into gastos (id, user_id, concepto, importe, tipo, fecha, recurrente, categoria, iva_deducible_pct) values ('b8ce3899-68e0-42f4-9706-b782f363d1c6', '279fa0a6-7987-4c6a-84de-ede9776c4f1d', 'Gastos fijos julio 2026', 148, 'fijo', '2026-07-01', true, 'fijo', 100);
insert into gastos (id, user_id, concepto, importe, tipo, fecha, recurrente, categoria, iva_deducible_pct) values ('c470d113-0430-448a-90ce-9627f95c3644', '279fa0a6-7987-4c6a-84de-ede9776c4f1d', 'Gastos fijos agosto 2026', 148, 'fijo', '2026-08-01', true, 'fijo', 100);
insert into gastos (id, user_id, concepto, importe, tipo, fecha, recurrente, categoria, iva_deducible_pct) values ('8b81e61f-695d-4f29-9892-f117660a41b5', '279fa0a6-7987-4c6a-84de-ede9776c4f1d', 'Gastos fijos septiembre 2026', 148, 'fijo', '2026-09-01', true, 'fijo', 100);
insert into gastos (id, user_id, concepto, importe, tipo, fecha, recurrente, categoria, iva_deducible_pct) values ('266fa62d-03ec-4f1f-b888-82cfb34e7112', '279fa0a6-7987-4c6a-84de-ede9776c4f1d', 'Gastos fijos octubre 2026', 148, 'fijo', '2026-10-01', true, 'fijo', 100);
insert into gastos (id, user_id, concepto, importe, tipo, fecha, recurrente, categoria, iva_deducible_pct) values ('dda758a8-3489-4c28-86b4-18d7e1513286', '279fa0a6-7987-4c6a-84de-ede9776c4f1d', 'Gastos fijos noviembre 2026', 148, 'fijo', '2026-11-01', true, 'fijo', 100);
insert into gastos (id, user_id, concepto, importe, tipo, fecha, recurrente, categoria, iva_deducible_pct) values ('36921886-44f3-460e-99ca-e86577e59397', '279fa0a6-7987-4c6a-84de-ede9776c4f1d', 'Gastos fijos diciembre 2026', 148, 'fijo', '2026-12-01', true, 'fijo', 100);

-- ===== GASTOS VARIABLES (marzo y junio, únicos meses con desglose fiable) =====
insert into gastos (id, user_id, concepto, importe, tipo, fecha, categoria, iva_deducible_pct) values ('add32c6d-e8fb-44b0-8c40-226e0cc2ce6b', '279fa0a6-7987-4c6a-84de-ede9776c4f1d', 'Lara — edición Avaticas (efectivo)', 50, 'variable', '2026-03-15', 'servicios', 100);
insert into gastos (id, user_id, concepto, importe, tipo, fecha, categoria, iva_deducible_pct) values ('bd1953cf-9b18-4241-9832-19b5180eb7e4', '279fa0a6-7987-4c6a-84de-ede9776c4f1d', 'Edición Albir — Lara', 70, 'variable', '2026-03-15', 'servicios', 100);
insert into gastos (id, user_id, concepto, importe, tipo, fecha, categoria, iva_deducible_pct) values ('0a327306-a10a-4975-b5f3-ef5c66778734', '279fa0a6-7987-4c6a-84de-ede9776c4f1d', 'Gasolina Meliá', 20, 'variable', '2026-06-15', 'combustible', 50);
insert into gastos (id, user_id, concepto, importe, tipo, fecha, categoria, iva_deducible_pct) values ('ff86e184-f7c2-440c-a653-2511984439e5', '279fa0a6-7987-4c6a-84de-ede9776c4f1d', 'Lara — Adrián Muñoz (edición)', 120, 'variable', '2026-06-15', 'servicios', 100);
insert into gastos (id, user_id, concepto, importe, tipo, fecha, categoria, iva_deducible_pct) values ('0b462efe-f2a9-4d77-b9a5-4b1556f6a7d8', '279fa0a6-7987-4c6a-84de-ede9776c4f1d', 'Lara — edición Villa', 150, 'variable', '2026-06-15', 'servicios', 100);
insert into gastos (id, user_id, concepto, importe, tipo, fecha, categoria, iva_deducible_pct) values ('564896a1-3d72-46f5-a49d-c6605a6c4215', '279fa0a6-7987-4c6a-84de-ede9776c4f1d', 'Lara — Valencia (edición)', 90, 'variable', '2026-06-15', 'servicios', 100);
